title,price,availability
A Light in the Attic,In stock,In stock
Tipping the Velvet,In stock,In stock
Soumission,In stock,In stock
Sharp Objects,In stock,In stock
Sapiens: A Brief History of Humankind,In stock,In stock
The Requiem Red,In stock,In stock
The Dirty Little Secrets of Getting Your Dream Job,In stock,In stock
"The Coming Woman: A Novel Based on the Life of the Infamous Feminist, Victoria Woodhull",In stock,In stock
The Boys in the Boat: Nine Americans and Their Epic Quest for Gold at the 1936 Berlin Olympics,In stock,In stock
The Black Maria,In stock,In stock
"Starving Hearts (Triangular Trade Trilogy, #1)",In stock,In stock
Shakespeare's Sonnets,In stock,In stock
Set Me Free,In stock,In stock
Scott Pilgrim's Precious Little Life (Scott Pilgrim #1),In stock,In stock
Rip it Up and Start Again,In stock,In stock
"Our Band Could Be Your Life: Scenes from the American Indie Underground, 1981-1991",In stock,In stock
Olio,In stock,In stock
Mesaerion: The Best Science Fiction Stories 1800-1849,In stock,In stock
Libertarianism for Beginners,In stock,In stock
It's Only the Himalayas,In stock,In stock
